Reference,Price
M25600TN-0001,5.360 €
M25600TB-0001,5.360 €
M25610TNL-0001,5.360 €
M25407N-0001,5.010 €
M25707KN-0001,4.140 €
M25707B/25-0001,4.470 €
M25717N-0001,4.470 €
M2542G257NU-0002,4.850 €
M25807KN-0001,5.650 €
M25827KNJN-0001,5.650 €
M25827KNRS-0002,5.650 €
M25827KN-0001,5.650 €
M2543C147NU-0001,6.120 €
M7941A1A0RU-0003,4.850 €
M7941A1A0RU-0001,4.740 €
M7941A1A0RU-0002,4.520 €
M7941A1A0NU-0003,4.850 €
M7941A1A0NU-0001,4.740 €
M7941A1A0NU-0002,4.520 €
M7943A1A0NU-0001,4.850 €
M7943A1A0NU-0002,4.850 €
M79210CNU-0001,5.450 €
M79210CNU-0007,5.450 €
M79733N-0004,7.040 €
M79733N-0008,7.040 €
M79733N-0003,5.000 €
M79733N-0007,5.000 €
M79733N-0005,5.000 €
M79733N-0006,5.000 €
M79000N-0001,4.190 €
M79000-0002,3.970 €
M79000-0001,4.360 €
M7939A1A0RU-0001,4.740 €
M7939A1A0RU-0002,4.630 €
M7939A1A0RU-0003,4.410 €
M79030B-0001,4.300 €
M79030B-0002,3.980 €
M79030B-0003,3.980 €
M79030N-0001,4.300 €
M79030N-0002,3.980 €
M79030N-0003,3.980 €
M79010SG-0001,4.960 €
M79010SG-0002,4.960 €
M79018V-0006,35.900 €
M79018V-0001,20.050 €
M7939G1A0NRU-0001,4.920 €
M7939G1A0NRU-0002,4.700 €
M79250BA-0001,4.800 €
M79250BA-0002,4.800 €
M79680-0001,4.410 €
M79680-0002,4.410 €
M79680-0003,4.410 €
M79680-0004,5.280 €
M79680-0005,5.280 €
M79680-0006,5.280 €
M79660-0001,4.300 €
M79660-0002,4.300 €
M79660-0003,4.300 €
M79660-0004,5.170 €
M79660-0005,5.170 €
M79660-0006,5.170 €
M79640-0001,4.190 €
M79640-0002,4.190 €
M79640-0003,4.190 €
M79640-0004,5.060 €
M79640-0005,5.060 €
M79640-0006,5.060 €
M79600-0001,4.080 €
M79600-0002,4.080 €
M79600-0003,4.080 €
M79600-0004,4.840 €
M79600-0005,4.840 €
M79600-0006,4.840 €
M79683-0001,6.600 €
M79683-0002,6.600 €
M79683-0005,6.600 €
M79683-0006,7.470 €
M79683-0007,7.470 €
M79683-0008,7.470 €
M79663-0001,6.450 €
M79663-0002,6.450 €
M79663-0005,6.450 €
M79663-0006,7.320 €
M79663-0007,7.320 €
M79663-0008,7.320 €
M79673-0005,9.770 €
M79673-0006,9.770 €
M79673-0007,9.770 €
M79643-0001,6.270 €
M79643-0002,6.270 €
M79643-0005,6.270 €
M79643-0006,7.140 €
M79643-0007,7.140 €
M79643-0008,7.140 €
M79653-0005,9.510 €
M79653-0006,9.510 €
M79653-0007,9.510 €
M79603-0001,6.100 €
M79603-0002,6.100 €
M79603-0005,6.100 €
M79603-0006,6.860 €
M79603-0007,6.860 €
M79603-0008,6.860 €
M79613-0005,9.190 €
M79613-0006,9.190 €
M79613-0007,9.190 €
M79830RB-0001,4.680 €
M79830RB-0010,4.680 €
M79830RB-0003,4.360 €
M79830RB-0012,4.360 €
M79833MN-0001,7.190 €
M79833MN-0003,5.150 €
M79833MN-0004,5.150 €
M79360N-0013,6.230 €
M79360N-0014,6.230 €
M79360N-0019,6.230 €
M79360N-0024,6.230 €
M79360N-0011,6.120 €
M79360N-0012,6.120 €
M79377KN-0001,7.700 €
M79470-0001,4.520 €
M79470-0004,4.520 €
M79470-0003,4.200 €
M79470-0006,4.200 €
M79470-0002,4.200 €
M79470-0005,4.200 €
M79363N-0001,9.590 €
M79363N-0007,9.590 €
M79363N-0002,7.550 €
M79363N-0008,7.550 €
M79363N-0003,7.550 €
M79363N-0006,7.550 €
M79950-0001,3.570 €
M79950-0008,3.570 €
M79950-0003,3.250 €
M79950-0011,3.250 €
M79930-0007,3.460 €
M79930-0001,3.460 €
M79930-0003,3.140 €
M79930-0009,3.140 €
M28600-0001,2.880 €
M28600-0003,2.880 €
M28600-0005,2.880 €
M28600-0009,2.880 €
M28600-0002,3.640 €
M28600-0004,3.640 €
M28600-0006,3.640 €
M28600-0011,3.640 €
M28603-0001,4.900 €
M28603-0003,4.900 €
M28603-0004,4.900 €
M28603-0007,4.900 €
M28603-0002,5.660 €
M28603-0005,5.660 €
M28603-0006,5.660 €
M28603-0008,5.660 €
M28300-0001,2.560 €
M28300-0003,2.560 €
M28300-0006,2.560 €
M28300-0008,2.560 €
M28300-0002,3.320 €
M28300-0004,3.320 €
M28300-0007,3.320 €
M28300-0010,3.320 €
M28300-0005,3.430 €
M28320-0002,4.240 €
M28320-0001,4.350 €
M28303-0001,4.250 €
M28303-0003,4.250 €
M28303-0004,4.250 €
M28303-0008,4.250 €
M28303-0002,5.010 €
M28303-0005,5.010 €
M28303-0006,5.010 €
M28303-0009,5.010 €
M28303-0007,5.120 €
M28323-0002,6.160 €
M28323-0001,6.270 €
M28400-0001,2.610 €
M28400-0003,2.610 €
M28400-0006,2.610 €
M28400-0009,2.610 €
M28400-0002,3.370 €
M28400-0004,3.370 €
M28400-0007,3.370 €
M28400-0011,3.370 €
M28400-0005,3.480 €
M28403-0001,4.470 €
M28403-0003,4.470 €
M28403-0004,4.470 €
M28403-0008,4.470 €
M28403-0002,5.230 €
M28403-0005,5.230 €
M28403-0006,5.230 €
M28403-0009,5.230 €
M28403-0007,5.340 €
M28500-0001,2.770 €
M28500-0003,2.770 €
M28500-0005,2.770 €
M28500-0007,2.770 €
M28500-0002,3.530 €
M28500-0004,3.530 €
M28500-0006,3.530 €
M28500-0009,3.530 €
M28503-0001,4.690 €
M28503-0003,4.690 €
M28503-0006,4.690 €
M28503-0007,4.690 €
M28503-0002,5.450 €
M28503-0004,5.450 €
M28503-0005,5.450 €
M28503-0008,5.450 €
M91650-0001,2.340 €
M91650-0002,2.340 €
M91650-0005,2.340 €
M91650-0011,2.340 €
M91650-0003,2.940 €
M91650-0004,2.940 €
M91650-0013,2.940 €
M91650-0010,2.230 €
M91651-0001,4.140 €
M91651-0003,4.140 €
M91651-0009,4.140 €
M91651-0002,4.740 €
M91651-0004,4.740 €
M91651-0011,4.740 €
M91560-0001,2.670 €
M91560-0002,2.670 €
M91560-0003,2.670 €
M91550-0001,2.290 €
M91550-0002,2.290 €
M91550-0005,2.290 €
M91550-0011,2.290 €
M91550-0003,2.890 €
M91550-0004,2.890 €
M91550-0013,2.890 €
M91550-0010,2.180 €
M91551-0001,4.080 €
M91551-0003,4.080 €
M91551-0009,4.080 €
M91551-0002,4.680 €
M91551-0004,4.680 €
M91551-0011,4.680 €
M91450-0001,2.230 €
M91450-0002,2.230 €
M91450-0005,2.230 €
M91450-0011,2.230 €
M91450-0003,2.830 €
M91450-0004,2.830 €
M91450-0013,2.830 €
M91450-0010,2.120 €
M91451-0001,3.980 €
M91451-0003,3.980 €
M91451-0009,3.980 €
M91451-0002,4.580 €
M91451-0004,4.580 €
M91451-0011,4.580 €
M91350-0001,2.130 €
M91350-0002,2.130 €
M91350-0005,2.130 €
M91350-0011,2.130 €
M91350-0003,2.730 €
M91350-0004,2.730 €
M91350-0013,2.730 €
M91351-0001,3.860 €
M91351-0003,3.860 €
M91351-0009,3.860 €
M91351-0002,4.460 €
M91351-0004,4.460 €
M91351-0011,4.460 €
M35800-0001,2.970 €
M35800-0009,2.970 €
M35800-0004,3.620 €
M35800-0010,3.620 €
M35500-0001,2.860 €
M35500-0009,2.860 €
M35500-0004,3.510 €
M35500-0010,3.510 €
M35200-0001,2.750 €
M35200-0009,2.750 €
M35200-0004,3.400 €
M35200-0010,3.400 €